{"cameraMode":{"drawMode":0,"name":"Shaded","section":"Shading Mode"},"sceneLighting":true,"audioPlay":false,"sceneViewState":{"showFog":true,"showMaterialUpdate":false,"showSkybox":true,"showFlares":true,"showImageEffects":true,"showParticleSystems":true},"in2DMode":false,"pivot":{"x":-20.36255645751953,"y":2.9261646270751955,"z":-4.873464584350586},"rotation":{"x":-0.03907562792301178,"y":0.9551935791969299,"z":-0.2539072632789612,"w":-0.14700159430503846},"size":43.69131851196289,"orthographic":false}